QuestionText,QuestionID,QuestionType,UniqueAns
age,1,Text-Based,65
gender,2,Text-Based,101
country_of_residence,3,Text-Based,81
us_state,4,Text-Based,51
self_employed,5,Multiple Choice,3
family_history_of_mental_illness,6,Multiple Choice,3
sought_mental_health_treatment,7,Multiple Choice,2
company_size,8,Multiple Choice,7
tech_company,9,Multiple Choice,3
mental_health_benefits,10,Multiple Choice,6
anonymity_protection,11,Multiple Choice,5
discuss_mental_health_in_interview,12,Multiple Choice,3
tech_role,13,Multiple Choice,3
know_mental_health_care_options,14,Multiple Choice,4
employer_mental_health_discussion,15,Multiple Choice,4
mental_health_resources,16,Multiple Choice,4
medical_leave_ease,17,Multiple Choice,8
discuss_mental_health_with_coworkers,18,Multiple Choice,4
discuss_mental_health_with_supervisors,19,Multiple Choice,4
medical_coverage_mental_health,20,Multiple Choice,3
know_mental_health_resources,21,Multiple Choice,4
previous_employers,22,Multiple Choice,2
previous_employers_mental_health_benefits,23,Multiple Choice,5
aware_of_previous_employers_mental_health_care,24,Multiple Choice,7
previous_employers_mental_health_discussion,25,Multiple Choice,5
previous_employers_mental_health_resources,26,Multiple Choice,4
previous_employers_anonymity_protection,27,Multiple Choice,5
discuss_mental_health_with_previous_supervisors,28,Multiple Choice,8
discuss_physical_health_in_interview,29,Multiple Choice,3
share_mental_illness_with_family,30,Multiple Choice,6
impact_of_others_disclosure_on_your_disclosure,31,Multiple Choice,4
past_mental_health_disorder,32,Multiple Choice,6
current_mental_health_disorder,33,Multiple Choice,5
diagnosed_mental_health_disorder,34,Multiple Choice,3
work_interference_when_treated_effectively,48,Multiple Choice,5
work_interference_when_not_treated_effectively,49,Multiple Choice,5
country_of_work,50,Text-Based,77
us_state_of_work,51,Text-Based,51
reveal_mental_health_to_clients,52,Multiple Choice,6
reveal_mental_health_to_coworkers,53,Multiple Choice,6
productivity_impact_by_mental_health,54,Multiple Choice,5
percentage_of_work_time_affected_by_mental_health,55,Multiple Choice,5
unsupportive_response_to_mental_health,56,Multiple Choice,6
discuss_physical_vs_mental_health_with_coworkers,57,Multiple Choice,4
discuss_mental_health_with_employer,58,Multiple Choice,3
employer_mental_health_discussion_details,59,Text-Based,353
discuss_mental_health_with_coworkers,60,Multiple Choice,3
coworkers_mental_health_discussion_details,61,Text-Based,449
previous_coworker_mental_health_discussion_with_you,62,Multiple Choice,3
previous_coworker_mental_health_discussion_details,63,Text-Based,457
importance_of_physical_health_by_employer,64,Multiple Choice,12
importance_of_mental_health_by_employer,65,Multiple Choice,12
impact_of_revealing_mental_health_to_clients,66,Multiple Choice,5
impact_of_revealing_mental_health_to_coworkers,67,Multiple Choice,6
previous_employer_is_tech_company,68,Multiple Choice,3
discuss_physical_vs_mental_health_with_previous_employer,69,Multiple Choice,4
discuss_mental_health_with_previous_employer,70,Multiple Choice,3
previous_employer_mental_health_discussion_details,71,Text-Based,229
discuss_mental_health_with_previous_coworkers,72,Multiple Choice,3
previous_coworkers_mental_health_discussion_details,73,Text-Based,306
previous_coworker_mental_health_discussion_with_you,74,Multiple Choice,3
previous_coworker_mental_health_discussion_details,75,Text-Based,269
importance_of_physical_health_by_previous_employer,76,Multiple Choice,12
importance_of_mental_health_by_previous_employer,77,Multiple Choice,12
comfort_level_identified_with_mental_health_issue,78,Multiple Choice,3
comfort_level_identified_with_mental_health_issue,79,Multiple Choice,3
career_impact_of_mental_health,80,Multiple Choice,11
team_reaction_if_mental_health_disorder_known,81,Multiple Choice,12
support_in_tech_industry_for_mental_health,82,Text-Based,337
supportive_well_handled_response_experience,83,Multiple Choice,6
support_in_tech_industry_for_mental_health,84,Multiple Choice,1
overall_support_in_tech_industry_for_mental_health,85,Multiple Choice,6
suggestions_for_improving_mental_health_support,86,Text-Based,1020
additional_comments,87,Text-Based,287
willing_to_discuss_experiences,88,Multiple Choice,3
race,89,Multiple Choice,11
negative_consequences_of_discussing_physical_health,90,Multiple Choice,4
employer_seriousness_about_mental_health,91,Multiple Choice,5
mental_health_condition_interference_with_work,92,Multiple Choice,5
remote_work_percentage,93,Multiple Choice,2
knowledge_of_employer_mental_health_options,94,Multiple Choice,3
mental_health_discussion_in_wellness_program,95,Multiple Choice,3
resources_to_learn_about_mental_health,96,Multiple Choice,3
ease_of_taking_medical_leave_for_mental_health,97,Multiple Choice,5
negative_consequences_of_discussing_mental_health_with_employer_2014,98,Multiple Choice,3
willingness_to_discuss_mental_health_with_coworkers,99,Multiple Choice,3
willingness_to_discuss_mental_health_with_supervisors,100,Multiple Choice,3
bringing_up_physical_health_in_interview,101,Multiple Choice,3
negative_consequences_for_coworkers_with_mental_health_conditions,102,Multiple Choice,2
additional_notes_or_comments,103,Text-Based,160
negative_consequences_of_discussing_mental_health_with_employer_2016,104,Multiple Choice,4
negative_consequences_for_coworkers_open_about_mental_health,105,Multiple Choice,3
impact_of_revealing_mental_health_to_client_or_business_contact,106,Multiple Choice,4
impact_of_revealing_mental_health_to_coworker_or_employee,107,Multiple Choice,5
negative_consequences_of_discussing_mental_health_with_previous_employers,108,Multiple Choice,5
negative_consequences_of_discussing_physical_health_with_previous_employers,109,Multiple Choice,4
willingness_to_discuss_mental_health_with_previous_coworkers,110,Multiple Choice,4
previous_employer_seriousness_about_mental_health,111,Multiple Choice,5
negative_consequences_for_coworkers_with_mental_health_issues_in_previous_workplaces,112,Multiple Choice,4
career_impact_of_being_identified_with_mental_health_issue,113,Multiple Choice,5
team_reaction_if_mental_health_issue_known,114,Multiple Choice,5
diagnosed_mental_health_conditions,115,Text-Based,34
believed_mental_health_conditions,116,Text-Based,24
work_position_description,117,Multiple Choice,12
remote_work_status,118,Multiple Choice,3
